[
  {
    "id": 823464,
    "title": "고질라 X 콩: 뉴 엠파이어",
    "poster_path": "/4z1VMmlxHrziG45901esjB4dpIa.jpg",
    "vote_average": 7.243,
    "overview": "두 타이탄의 전설적인 대결 이후 할로우 어스에 남은 콩은 드디어 애타게 찾던 동족을 발견하지만 그 뒤에 도사리고 있는 예상치 못한 위협에 맞닥뜨린다. 한편, 깊은 동면에 빠진 고질라는 알 수 없는 신호로 인해 깨어나고 푸른 눈의 폭군 스카 킹의 지배 아래 위기에 처한 할로우 어스를 마주하게 된다. 할로우 어스는 물론, 지구상에도 출몰해 전세계를 초토화시키는 타이탄들의 도발 속에서 고질라와 콩은 사상 처음으로 한 팀을 이뤄 반격에 나서기로 하는데…",
    "release_date": "2024-03-27"
  },
  {
    "id": 653346,
    "title": "혹성탈출: 새로운 시대",
    "poster_path": "/plNOSbqkSuGEK2i15A5btAXtB7t.jpg",
    "vote_average": 7.15,
    "overview": "진화한 유인원과 퇴화된 인간들이 살아가는 땅. 유인원 리더 프록시무스는 완전한 군림을 위해 인간들을 사냥하며 자신의 제국을 건설한다. 한편, 또 다른 유인원 노아는 우연히 숨겨진 과거의 이야기와 시저의 가르침을 듣게 되고 인간과 유인원이 함께 할 새로운 세상을 꿈꾼다. 어느 날 그의 앞에 나타난 의문의 한 인간 소녀. 노아는 그녀와 함께 자유를 향한 여정을 시작하게 되는데…",
    "release_date": "2024-05-08"
  },
  {
    "id": 940721,
    "title": "고질라: 마이너스 원",
    "poster_path": "/buvBq2zLP7CcJth8tjrI4znvfEO.jpg",
    "vote_average": 7.688,
    "overview": "고질라 탄생 70주년 기념 작품. 시리즈 사상 최악의 절망이 일본을 습격한다!  전후, 제로가 된 일본을 뒤쫓듯 나타난 고질라가 이 나라를 마이너스로 떨어뜨린다.  사상 최고로 절망적인 상황 속에서의 습격에 누가? 그리고 어떻게?  일본은 맞서게 되는 것인가...",
    "release_date": "2023-11-03"
  },
  {
    "id": 1219685,
    "title": "Un père idéal",
    "poster_path": "/4xJd3uwtL1vCuZgEfEc8JXI9Uyx.jpg",
    "vote_average": 6.44,
    "overview": "",
    "release_date": "2024-04-21"
  },
  {
    "id": 693134,
    "title": "듄: 파트 2",
    "poster_path": "/8uUU2pxm6IYZw8UgnKJyx7Dqwu9.jpg",
    "vote_average": 8.186,
    "overview": "황제의 모략으로 멸문한 가문의 유일한 후계자 폴. 어머니 레이디 제시카와 간신히 목숨만 부지한 채 사막으로 도망친다. 그곳에서 만난 반란군들과 숨어 지내다 그들과 함께 황제의 모든 것을 파괴할 전투를 준비한다. 한편 반란군들의 기세가 높아질수록 불안해진 황제와 귀족 가문은 잔혹한 암살자 페이드 로타를 보내 반란군을 몰살하려 하는데…",
    "release_date": "2024-02-27"
  },
  {
    "id": 996154,
    "title": "블랙 로터스",
    "poster_path": "/jqHaAESQIA6bpEwPnE2Wulba40D.jpg",
    "vote_average": 6.462,
    "overview": "마테오는 인질 구출 작전 중, 상사 존의 명령을 무시하고 팀원들을 위기에 몰아넣는다. 그들은 가까스로 인질범들을 소탕하지만, 인질로 위장하고 있던 범인 중 한 명이 존을 사살한다. 그 후 마테오는 전역하고 전 세계를 떠돌며 일용직으로 근근히 살아간다. 존이 세상을 떠난 지 5년이 되던 날, 마테오는 존의 아내 헬렌을 찾아가 사과한다. 헬렌은 홀로 딸 앤지를 키우다가 투자 회사 사장 폴과 작년에 재혼을 했다. 딱히 묵을 곳이 없던 마테오는 헬렌의 집에서 며칠 묵기로 하고, 그의 딸 앤지와 친해진다. 한편, 폴은 폭력조직의 두목 개브리얼 사반의 돈을 관리하다가 투자를 잘못해 1,500만 유로를 날려 버린다. 사반은 돈을 찾아내라며 폴을 압박하고, 폴이 변명만 늘어놓자, 그의 딸 앤지를 납치한다. 이에 마테오는 앤지를 찾아 나서는데…",
    "release_date": "2023-04-12"
  },
  {
    "id": 1011985,
    "title": "쿵푸팬더 4",
    "poster_path": "/1ZNOOMmILNUzVYbzG1j7GYb5bEV.jpg",
    "vote_average": 7.128,
    "overview": "마침내 내면의 평화… 냉면의 평화…가 찾아왔다고 믿는 용의 전사 ‘포’ 이젠 평화의 계곡의 영적 지도자가 되고, 자신을 대신할 후계자를 찾아야만 한다. “이제 용의 전사는 그만둬야 해요?” 용의 전사로의 모습이 익숙해지고 새로운 성장을 하기보다 지금 이대로가 좋은 ‘포’ 하지만 모든 쿵푸 마스터들의 능력을 그대로 복제하는 강력한 빌런 ‘카멜레온’이 나타나고 그녀를 막기 위해 정체를 알 수 없는 쿵푸 고수 ‘젠’과 함께 모험을 떠나게 되는데… 포는 가장 강력한 빌런과 자기 자신마저 뛰어넘고 진정한 변화를 할 수 있을까?",
    "release_date": "2024-03-02"
  },
  {
    "id": 786892,
    "title": "퓨리오사: 매드맥스 사가",
    "poster_path": "/zaUFDdJidS4Nyyd6jb2Ok3Kq4Vo.jpg",
    "vote_average": 7.6,
    "overview": "문명 붕괴 45년 후, 황폐해진 세상에 무참히 던져진 '퓨리오사'가 고향으로 돌아가기 위해 자신의 인생 전부를 걸고 떠나는 거대한 여정을 그린 액션 블록버스터",
    "release_date": "2024-05-22"
  },
  {
    "id": 1093995,
    "title": "Chief of Station",
    "poster_path": "/uuA01PTtPombRPvL9dvsBqOBJWm.jpg",
    "vote_average": 5.338,
    "overview": "",
    "release_date": "2024-05-02"
  },
  {
    "id": 1087388,
    "title": "스팅",
    "poster_path": "/uXUs1fwSuE06LgYETw2mi4JxQvc.jpg",
    "vote_average": 6.6,
    "overview": "브루클린에 사는 한 가족과 우주에서 온 거대 거미와의 싸움을 그린 공포 영화. 주인공 샬롯은 우주에서 온 거미를 우연히 발견하고 스팅이라는 이름을 지어주고 반려동물로 키우기 시작한다. 하지만 이 거미는 점점 더 거대한 괴물로 변하여 샬롯의 아파트 단지를 공포에 빠뜨리는데...",
    "release_date": "2024-04-12"
  },
  {
    "id": 967847,
    "title": "고스트버스터즈: 오싹한 뉴욕",
    "poster_path": "/mGzSIfzmcf9H91DS06cnka1SYrP.jpg",
    "vote_average": 6.676,
    "overview": "무더운 여름의 뉴욕의 어느 날, 고대 유물 속 깨어난 데스칠로 인해 정체불명의 냉기가 몰려오고 마침내 도시는 얼어붙고 만다. 유령을 퇴치하는 그루버슨과 라이즈 버스터즈 멤버들은 얼어붙은 세상을 깨부수기 위해 유령 군단을 쫓기 시작하는데…",
    "release_date": "2024-03-20"
  },
  {
    "id": 1094844,
    "title": "킹 VS. 머신킹",
    "poster_path": "/dJaIw8OgACelojyV6YuVsOhtTLO.jpg",
    "vote_average": 5.679,
    "overview": "NASA는 거대 유인원 아브라함을 모델로 힘과 규모에서 아브라함에 버금가는 기계 유인원을 설계한다. 하지만 첫 번째 실험 결과가 좋지 않게 나오자 미 국방성에서는 난폭한 기계 유인원을 막기 위해 감옥에 갇힌 아브라함을 석방하도록 지시한다. 한편 볼로드레츠카 외국 정보부는 기계 유인원에 핵탄두를 부착해 기계 유인원의 시스템을 교란시켜 미국 시카고를 날려버릴 계략을 꾸민다. 이를 막기 위해 NASA의 관계자들은 아브라함과 소통하는 방법을 통해 기계 유인원을 막으려 하는데....",
    "release_date": "2023-03-24"
  },
  {
    "id": 1072589,
    "title": "สลิธ โปรเจกต์ล่า",
    "poster_path": "/hge5nHu953g3CpR4xD2F0qhsTJm.jpg",
    "vote_average": 3.833,
    "overview": "",
    "release_date": "2023-12-05"
  },
  {
    "id": 748783,
    "title": "가필드 더 무비",
    "poster_path": "/57g3pHYi3p0JNVO1LkcyYbeMDBf.jpg",
    "vote_average": 6.6,
    "overview": "세상귀찮 집냥이, 바쁘고 험난한 세상에 던져졌다! 집사 ‘존’과 반려견 ‘오디’를 기르며 평화로운 나날을 보내던 집냥이 ‘가필드’. 어느 날, 험악한 길냥이 무리에게 납치당해 냉혹한 거리로 던져진다. 돌봐주는 집사가 없는 집 밖 세상은 너무나도 정신없게 돌아가고 길에서 우연히 다시 만난 아빠 길냥이 ‘빅’은 오히려 ‘가필드’를 위기에 빠지게 하는데… 험난한 세상, 살아남아야 한다!",
    "release_date": "2024-04-30"
  },
  {
    "id": 1111966,
    "title": "머시",
    "poster_path": "/8voINwqMlscROrjhN97fGkmhvEV.jpg",
    "vote_average": 6.2,
    "overview": "전직 군의관이 근무하는 병원을  아일랜드 마피아가 장악하면서 생존을 위한 치명적인 전투에 휘말리게 됩니다.  아들이 인질로 잡히자, 그녀는 자신 외에는 구해줄 사람이 없다는 것을 깨닫고 전투로 단련된 과거와 치명적인 기술에 의존해야만 합니다.",
    "release_date": "2023-05-12"
  },
  {
    "id": 937287,
    "title": "챌린저스",
    "poster_path": "/iUDG0gsPZxNm9IOLqpIUZiUMVMZ.jpg",
    "vote_average": 7.308,
    "overview": "스타급의 인기를 누리던 테니스 천재 타시는 부상으로 인해 더 이상 선수 생활을 하지 못하고 지금은 남편 아트의 코치를 맡고 있다. 연패 슬럼프에서 빠져나오지 못하는 아트를 챌린저급 대회에 참가시킨 타시는 남편과 둘도 없는 친구 사이이자 자신의 전 남친인 패트릭을 다시 만나게 된다. 선 넘는 세 남녀의 아슬아슬한 관계는 테니스 코트 밖에서 더욱 격렬하게 이어지는데… 결승전 D-DAY, 가장 매혹적인 랠리가 시작된다!",
    "release_date": "2024-04-18"
  },
  {
    "id": 1096197,
    "title": "노 웨이 업",
    "poster_path": "/2NGWNTGLrOsoblP5cDpmsvMfKJE.jpg",
    "vote_average": 6.424,
    "overview": "멕시코 휴양지로 가는 비행기  하지만 비행기의 엔진 문제로 사고가 발생하고 깊은 바닷속으로 추락한다.  주지사의 딸 ‘에이바’와 경호원 ‘브랜드’, 남자친구 ‘제드’, ‘카일’ 그리고 어린 소녀 ‘로자’와 할머니, 승무원 ‘다닐로’까지 단 7명만이 살아남지만 비행기 에어포켓 안 공기가 떨어지면서 점점 깊이 가라앉는다  생존 시간은 턱 끝까지 차오르고 상어 떼마저 이들을 위협하는데…",
    "release_date": "2024-01-18"
  },
  {
    "id": 438631,
    "title": "듄",
    "poster_path": "/7zV8FTYofAORGm0Umgh1mNNCym8.jpg",
    "vote_average": 7.78,
    "overview": "10191년, 아트레이데스 가문의 후계자인 폴은 시간과 공간을 초월해 과거와 미래를 모두 볼 수 있고, 더 나은 미래를 만들 유일한 구원자인 예지된 자의 운명을 타고났다. 그리고 어떤 계시처럼 매일 꿈에서 아라키스의 행성에 있는 한 여인을 만난다. 귀족들이 지지하는 아트레이데스 가문에 대한 황제의 질투는 폴과 그 일족들을 죽음이 기다리는 아라키스로 이끄는데...",
    "release_date": "2021-09-15"
  },
  {
    "id": 920342,
    "title": "异兽战场",
    "poster_path": "/nBVYp2xxx2R02n21EGlDky8CgWR.jpg",
    "vote_average": 7.054,
    "overview": "",
    "release_date": "2021-12-27"
  },
  {
    "id": 872585,
    "title": "오펜하이머",
    "poster_path": "/jpD6z9fgNe7OqsHoDeAWQWoULde.jpg",
    "vote_average": 8.102,
    "overview": "제2차 세계대전 당시 핵무기 개발을 위해 진행되었던 비밀 프로젝트 ‘맨해튼 프로젝트’를 주도한 미국의 물리학자 ‘로버트 오펜하이머’의 이야기",
    "release_date": "2023-07-19"
  }
]